{"cameraMode":{"drawMode":0,"name":"Shaded","section":"Shading Mode"},"sceneLighting":true,"audioPlay":false,"sceneViewState":{"m_AlwaysRefresh":false,"showFog":true,"showSkybox":true,"showFlares":true,"showImageEffects":true,"showParticleSystems":true,"showVisualEffectGraphs":true,"m_FxEnabled":true},"in2DMode":false,"pivot":{"x":-0.0655474066734314,"y":0.3325093686580658,"z":-0.28699707984924319},"rotation":{"x":0.009452269412577153,"y":0.8451550602912903,"z":0.01495214831084013,"w":-0.5342342257499695},"size":1.2212810516357422,"orthographic":false}